{
  "phase": "6B",
  "name": "Per-Hospital Testing & Verification",
  "timestamp": "2026-04-08T14:12:52",
  "hospitals_tested": [
    "A",
    "B",
    "C"
  ],
  "results": {
    "A": {
      "num_samples": 3148,
      "metrics": {
        "auc": 0.8796806821771146,
        "accuracy": 0.8694409148665819,
        "f1": 0.5159010600706714,
        "precision": 0.43625498007099095,
        "recall": 0.6311239192901693,
        "specificity": 0.8989646554769762,
        "tp": 219,
        "fp": 283,
        "tn": 2518,
        "fn": 128
      },
      "inference_time": 0.032027244567871094
    },
    "B": {
      "num_samples": 3147,
      "metrics": {
        "auc": 0.8763689887798123,
        "accuracy": 0.8678106132824913,
        "f1": 0.505938242280285,
        "precision": 0.4294354838623098,
        "recall": 0.6156069363983928,
        "specificity": 0.8989646554769762,
        "tp": 213,
        "fp": 283,
        "tn": 2518,
        "fn": 133
      },
      "inference_time": 0.02776479721069336
    },
    "C": {
      "num_samples": 3147,
      "metrics": {
        "auc": 0.8723559077809799,
        "accuracy": 0.8741658722592945,
        "f1": 0.5205811138014528,
        "precision": 0.4488517745209008,
        "recall": 0.6195965417688877,
        "specificity": 0.9057142857110511,
        "tp": 215,
        "fp": 264,
        "tn": 2536,
        "fn": 132
      },
      "inference_time": 0.03431820869445801
    }
  },
  "consistency_analysis": {
    "mean_auc": 0.8761351929126356,
    "std_auc": 0.002994892916193514,
    "variance_auc": 8.96938357946609e-06
  }
}