{
  "phase": "6D",
  "name": "Federated vs Individual Models Comparison",
  "timestamp": "2026-04-08T14:12:42",
  "hospitals_tested": [
    "A",
    "B",
    "C"
  ],
  "results": {
    "A": {
      "num_samples": 3148,
      "individual_metrics": {
        "auc": 0.863299130508145,
        "accuracy": 0.8894536213468869,
        "f1": 0.5056818181818182,
        "precision": 0.498599439761944,
        "recall": 0.5129682996970326,
        "specificity": 0.9360942520494963,
        "tp": 178,
        "fp": 179,
        "tn": 2622,
        "fn": 169
      },
      "aggregated_metrics": {
        "auc": 0.8796806821771146,
        "accuracy": 0.8694409148665819,
        "f1": 0.5159010600706714,
        "precision": 0.43625498007099095,
        "recall": 0.6311239192901693,
        "specificity": 0.8989646554769762,
        "tp": 219,
        "fp": 283,
        "tn": 2518,
        "fn": 128
      },
      "time_individual": 0.03368782997131348,
      "time_aggregated": 0.024985790252685547
    },
    "B": {
      "num_samples": 3147,
      "individual_metrics": {
        "auc": 0.8524701128622519,
        "accuracy": 0.8868763902129012,
        "f1": 0.48104956268221577,
        "precision": 0.48529411763278546,
        "recall": 0.4768786127029804,
        "specificity": 0.9375223134561317,
        "tp": 165,
        "fp": 175,
        "tn": 2626,
        "fn": 181
      },
      "aggregated_metrics": {
        "auc": 0.8763689887798123,
        "accuracy": 0.8678106132824913,
        "f1": 0.505938242280285,
        "precision": 0.4294354838623098,
        "recall": 0.6156069363983928,
        "specificity": 0.8989646554769762,
        "tp": 213,
        "fp": 283,
        "tn": 2518,
        "fn": 133
      },
      "time_individual": 0.03218197822570801,
      "time_aggregated": 0.024938583374023438
    },
    "C": {
      "num_samples": 3147,
      "individual_metrics": {
        "auc": 0.8667723342939482,
        "accuracy": 0.8868763902129012,
        "f1": 0.5069252077562327,
        "precision": 0.4879999999869867,
        "recall": 0.5273775215986346,
        "specificity": 0.9314285714252449,
        "tp": 183,
        "fp": 192,
        "tn": 2608,
        "fn": 164
      },
      "aggregated_metrics": {
        "auc": 0.8723559077809799,
        "accuracy": 0.8741658722592945,
        "f1": 0.5205811138014528,
        "precision": 0.4488517745209008,
        "recall": 0.6195965417688877,
        "specificity": 0.9057142857110511,
        "tp": 215,
        "fp": 264,
        "tn": 2536,
        "fn": 132
      },
      "time_individual": 0.03012871742248535,
      "time_aggregated": 0.024901866912841797
    }
  }
}